scenario,delta,r,detector,seeds,delay_median,delay_p90,detected_pct,lead_median,lead_p10,lead_p90,lead_pos_pct,lead_excluded,chance_pct,affected_pct
tc_drift,0.05,2,hold,200,11,28,100.0,17,0,32,84.5,0,84.5,n/a
tc_drift,0.05,2,trend,200,16,22,100.0,14,4,24,99.0,0,9.5,n/a
tc_drift,0.05,2,lotline,200,22,31,100.0,8,-3,20,81.0,0,11.5,97.0
tc_drift,0.05,2.5,hold,200,29,44,100.0,0,0,30,46.5,0,46.5,n/a
tc_drift,0.05,2.5,trend,200,20,27,100.0,16.5,3,30,97.5,0,12.0,n/a
tc_drift,0.05,2.5,lotline,200,22,31,100.0,14,1,27,91.0,0,14.0,97.0
tc_drift,0.05,3,hold,200,40,51,100.0,0,0,1,10.5,0,10.5,n/a
tc_drift,0.05,3,trend,200,22,32,100.0,19,5,35,98.0,0,13.0,n/a
tc_drift,0.05,3,lotline,200,22,31,100.0,20,6,31,96.5,0,16.5,97.0
tc_drift,0.05,3.5,hold,200,48,60,100.0,0,0,0,2.0,0,2.0,n/a
tc_drift,0.05,3.5,trend,200,24,35,100.0,25,5,40,98.0,0,14.5,n/a
tc_drift,0.05,3.5,lotline,200,22,31,100.0,26,10,41,99.5,0,19.5,97.0
tc_drift,0.05,4,hold,200,56,68,100.0,0,0,0,0.0,0,0.0,n/a
tc_drift,0.05,4,trend,200,27,38,100.0,29,5,47,96.0,0,16.5,n/a
tc_drift,0.05,4,lotline,200,22,31,100.0,31,14,50,99.5,0,23.5,97.0
tc_drift,0.05,4.5,hold,200,60,74,100.0,0,0,0,0.0,0,0.0,n/a
tc_drift,0.05,4.5,trend,200,30,42,100.0,31,7,52,95.5,0,16.5,n/a
tc_drift,0.05,4.5,lotline,200,22,31,100.0,37.5,19,55,99.5,0,24.0,97.0
tc_drift,0.05,5,hold,200,67,80,100.0,0,0,0,0.0,0,0.0,n/a
tc_drift,0.05,5,trend,200,32,44,100.0,34,9,57,96.5,0,17.0,n/a
tc_drift,0.05,5,lotline,200,22,31,100.0,43,24,61,99.5,0,25.5,97.0
tc_drift,0.05,5.5,hold,200,72,89,100.0,0,0,0,0.0,0,0.0,n/a
tc_drift,0.05,5.5,trend,200,33,47,100.0,37,12,61,97.0,0,18.0,n/a
tc_drift,0.05,5.5,lotline,200,22,31,100.0,50,27,70,99.5,0,27.0,97.0
tc_drift,0.05,6,hold,200,75.5,96,100.0,0,0,0,0.0,0,0.0,n/a
tc_drift,0.05,6,trend,200,35,51,100.0,41,12,67,98.0,0,19.5,n/a
tc_drift,0.05,6,lotline,200,22,31,100.0,53,28,75,99.5,0,28.5,97.0
tc_drift,0.05,6.5,hold,200,80.5,102,100.0,0,0,0,0.0,0,0.0,n/a
tc_drift,0.05,6.5,trend,200,38,54,100.0,44,13,73,97.5,0,20.0,n/a
tc_drift,0.05,6.5,lotline,200,22,31,100.0,58,32,83,99.5,0,29.5,97.0
tc_drift,0.05,7,hold,200,86,106,100.0,0,0,0,0.0,0,0.0,n/a
tc_drift,0.05,7,trend,200,39,56,100.0,46,12,75,96.5,0,21.5,n/a
tc_drift,0.05,7,lotline,200,22,31,100.0,65,32,89,99.5,0,31.0,97.0
tc_drift,0.05,7.5,hold,200,93,112,100.0,0,0,0,0.0,0,0.0,n/a
tc_drift,0.05,7.5,trend,200,40,60,100.0,52,14,77,96.5,0,22.5,n/a
tc_drift,0.05,7.5,lotline,200,22,31,100.0,71,39,94,99.5,0,33.5,97.0
tc_drift,0.05,8,hold,200,99,120,100.0,0,0,0,0.0,0,0.0,n/a
tc_drift,0.05,8,trend,200,41,61,100.0,56.5,22,84,97.5,0,24.0,n/a
tc_drift,0.05,8,lotline,200,22,31,100.0,76,45,102,99.5,0,35.0,97.0
tc_drift,0.1,2,hold,200,10,19,100.0,4,0,15,57.0,0,57.5,n/a
tc_drift,0.1,2,trend,200,10,14,100.0,6,1,11,92.5,0,7.0,n/a
tc_drift,0.1,2,lotline,200,14,18,100.0,2,-4,9,61.0,0,4.5,98.5
tc_drift,0.1,2.5,hold,200,18,25,100.0,0,0,16,32.5,0,33.0,n/a
tc_drift,0.1,2.5,trend,200,12,16,100.0,8,2,15,96.0,0,8.5,n/a
tc_drift,0.1,2.5,lotline,200,14,18,100.0,6,-2,14,83.5,0,7.0,98.5
tc_drift,0.1,3,hold,200,24,29,100.0,0,0,0,7.0,0,7.5,n/a
tc_drift,0.1,3,trend,200,13.5,19,100.0,10.5,3,17,96.0,0,9.5,n/a
tc_drift,0.1,3,lotline,200,14,18,100.0,10,1,18,91.0,0,8.0,98.5
tc_drift,0.1,3.5,hold,200,28,35,100.0,0,0,0,1.5,0,2.0,n/a
tc_drift,0.1,3.5,trend,200,15,21,100.0,13,4,22,98.0,0,10.0,n/a
tc_drift,0.1,3.5,lotline,200,14,18,100.0,13,5,24,97.5,0,9.5,98.5
tc_drift,0.1,4,hold,200,31,37,100.0,0,0,0,0.0,0,0.0,n/a
tc_drift,0.1,4,trend,200,16,22,100.0,14,5,25,99.5,0,9.5,n/a
tc_drift,0.1,4,lotline,200,14,18,100.0,16,8,26,98.5,0,11.5,98.5
tc_drift,0.1,4.5,hold,200,34,43,100.0,0,0,0,0.0,0,0.0,n/a
tc_drift,0.1,4.5,trend,200,18,25,100.0,16,4,28,98.0,0,11.5,n/a
tc_drift,0.1,4.5,lotline,200,14,18,100.0,20,10,31,99.0,0,13.0,98.5
tc_drift,0.1,5,hold,200,37,45,100.0,0,0,0,0.0,0,0.0,n/a
tc_drift,0.1,5,trend,200,20,27,100.0,17,5,31,99.0,0,12.0,n/a
tc_drift,0.1,5,lotline,200,14,18,100.0,23,12,35,99.0,0,14.0,98.5
tc_drift,0.1,5.5,hold,200,39.5,49,100.0,0,0,0,0.0,0,0.0,n/a
tc_drift,0.1,5.5,trend,200,21,29,100.0,19,6,33,98.0,0,12.5,n/a
tc_drift,0.1,5.5,lotline,200,14,18,100.0,26,15,38,99.5,0,15.5,98.5
tc_drift,0.1,6,hold,200,43,53,100.0,0,0,0,0.0,0,0.0,n/a
tc_drift,0.1,6,trend,200,22,32,100.0,21,5,37,98.0,0,13.5,n/a
tc_drift,0.1,6,lotline,200,14,18,100.0,28,16,40,99.5,0,16.5,98.5
tc_drift,0.1,6.5,hold,200,46,59,100.0,0,0,0,0.0,0,0.0,n/a
tc_drift,0.1,6.5,trend,200,24,34,100.0,24,5,38,97.5,0,14.5,n/a
tc_drift,0.1,6.5,lotline,200,14,18,100.0,32,20,45,99.5,0,19.0,98.5
tc_drift,0.1,7,hold,200,49.5,62,100.0,0,0,0,0.0,0,0.0,n/a
tc_drift,0.1,7,trend,200,24,35,100.0,26,6,42,98.0,0,14.5,n/a
tc_drift,0.1,7,lotline,200,14,18,100.0,35,21,50,99.5,0,20.5,98.5
tc_drift,0.1,7.5,hold,200,54,66,100.0,0,0,0,0.0,0,0.0,n/a
tc_drift,0.1,7.5,trend,200,26,37,100.0,28,8,46,97.0,0,16.5,n/a
tc_drift,0.1,7.5,lotline,200,14,18,100.0,39.5,24,54,99.5,0,23.0,98.5
tc_drift,0.1,8,hold,200,56,69,100.0,0,0,0,0.0,0,0.0,n/a
tc_drift,0.1,8,trend,200,27,38,100.0,30,7,47,96.0,0,16.5,n/a
tc_drift,0.1,8,lotline,200,14,18,100.0,41,27,58,99.5,0,23.5,98.5
tc_drift,0.2,2,hold,200,7.5,11,100.0,0,0,7,42.0,0,42.5,n/a
tc_drift,0.2,2,trend,200,7,9,100.0,2,0,5,79.0,0,3.0,n/a
tc_drift,0.2,2,lotline,200,9,12,100.0,0,-4,4,43.5,0,3.5,99.0
tc_drift,0.2,2.5,hold,200,10,13,100.0,0,0,7,21.5,0,22.0,n/a
tc_drift,0.2,2.5,trend,200,8,10,100.0,3,0,7,83.5,0,4.0,n/a
tc_drift,0.2,2.5,lotline,200,9,12,100.0,2,-2,6,66.0,0,3.5,99.0
tc_drift,0.2,3,hold,200,13,17,100.0,0,0,0,5.0,0,5.5,n/a
tc_drift,0.2,3,trend,200,9,12,100.0,4,0,9,88.0,0,5.0,n/a
tc_drift,0.2,3,lotline,200,9,12,100.0,4,-1,9,84.5,0,3.5,99.0
tc_drift,0.2,3.5,hold,200,15,19,100.0,0,0,0,0.5,0,1.0,n/a
tc_drift,0.2,3.5,trend,200,10,13,100.0,5,1,10,91.5,0,6.0,n/a
tc_drift,0.2,3.5,lotline,200,9,12,100.0,6,1,11,93.5,0,4.0,99.0
tc_drift,0.2,4,hold,200,17,21,100.0,0,0,0,0.0,0,0.5,n/a
tc_drift,0.2,4,trend,200,10,14,100.0,6,1,12,93.0,0,7.0,n/a
tc_drift,0.2,4,lotline,200,9,12,100.0,8,2,13,96.0,0,4.5,99.0
tc_drift,0.2,4.5,hold,200,19,24,100.0,0,0,0,0.0,0,0.5,n/a
tc_drift,0.2,4.5,trend,200,11,15,100.0,7,2,14,98.0,0,8.0,n/a
tc_drift,0.2,4.5,lotline,200,9,12,100.0,10,4,16,98.0,0,5.5,99.0
tc_drift,0.2,5,hold,200,21,26,100.0,0,0,0,0.0,0,0.5,n/a
tc_drift,0.2,5,trend,200,12,17,100.0,9,2,15,96.5,0,8.5,n/a
tc_drift,0.2,5,lotline,200,9,12,100.0,12,5,18,98.0,0,7.0,99.0
tc_drift,0.2,5.5,hold,200,23,28,100.0,0,0,0,0.0,0,0.5,n/a
tc_drift,0.2,5.5,trend,200,12,17,100.0,10,3,17,96.0,0,9.0,n/a
tc_drift,0.2,5.5,lotline,200,9,12,100.0,14,7,20,99.0,0,7.5,99.0
tc_drift,0.2,6,hold,200,25,31,100.0,0,0,0,0.0,0,0.5,n/a
tc_drift,0.2,6,trend,200,14,19,100.0,11,4,18,96.5,0,9.5,n/a
tc_drift,0.2,6,lotline,200,9,12,100.0,15.5,9,22,99.0,0,8.5,99.0
tc_drift,0.2,6.5,hold,200,27,33,100.0,0,0,0,0.0,0,0.5,n/a
tc_drift,0.2,6.5,trend,200,15,20,100.0,12,4,20,97.0,0,10.0,n/a
tc_drift,0.2,6.5,lotline,200,9,12,100.0,17,10,25,99.0,0,9.0,99.0
tc_drift,0.2,7,hold,200,28,36,100.0,0,0,0,0.0,0,0.0,n/a
tc_drift,0.2,7,trend,200,15,21,100.0,13,4,22,98.0,0,9.5,n/a
tc_drift,0.2,7,lotline,200,9,12,100.0,20,12,27,99.0,0,10.5,99.0
tc_drift,0.2,7.5,hold,200,30,37,100.0,0,0,0,0.0,0,0.0,n/a
tc_drift,0.2,7.5,trend,200,16,22,100.0,14,5,23,99.0,0,9.5,n/a
tc_drift,0.2,7.5,lotline,200,9,12,100.0,22,12,28,99.5,0,11.0,99.0
tc_drift,0.2,8,hold,200,32,39,100.0,0,0,0,0.0,0,0.0,n/a
tc_drift,0.2,8,trend,200,16,23,100.0,15,5,25,99.5,0,9.5,n/a
tc_drift,0.2,8,lotline,200,9,12,100.0,23,14,30,99.5,0,11.5,99.0
mfc_gain_drift,0.05,2,hold,200,9,20,100.0,18.5,7,31,92.5,0,82.5,n/a
mfc_gain_drift,0.05,2,trend,200,17,22,100.0,12,2,24,94.0,0,8.0,n/a
mfc_gain_drift,0.05,2,lotline,200,23,30,100.0,7,-6,21,73.5,0,10.0,96.0
mfc_gain_drift,0.05,2.5,hold,200,18,28,100.0,17,0,32,90.0,0,45.0,n/a
mfc_gain_drift,0.05,2.5,trend,200,20,27,100.0,16,3,29,96.5,0,10.0,n/a
mfc_gain_drift,0.05,2.5,lotline,200,23,30,100.0,12.5,0,28,88.5,0,13.5,96.0
mfc_gain_drift,0.05,3,hold,200,26,37,100.0,15.5,0,35,84.5,0,9.5,n/a
mfc_gain_drift,0.05,3,trend,200,22,31,100.0,20,4,34,96.5,0,12.0,n/a
mfc_gain_drift,0.05,3,lotline,200,23,30,100.0,20,4,35,94.0,0,16.5,96.0
mfc_gain_drift,0.05,3.5,hold,200,35,46,100.0,8,0,28,70.5,0,2.5,n/a
mfc_gain_drift,0.05,3.5,trend,200,24,34,100.0,23,5,39,94.5,0,13.5,n/a
mfc_gain_drift,0.05,3.5,lotline,200,23,30,100.0,25,7,40,96.0,0,17.5,96.0
mfc_gain_drift,0.05,4,hold,200,44,57,100.0,6,0,26,65.0,0,0.0,n/a
mfc_gain_drift,0.05,4,trend,200,26,37,100.0,27,11,43,97.5,0,13.5,n/a
mfc_gain_drift,0.05,4,lotline,200,23,30,100.0,32,12,47,97.0,0,20.0,96.0
mfc_gain_drift,0.05,4.5,hold,200,52,63,100.0,2,0,23,54.0,0,0.0,n/a
mfc_gain_drift,0.05,4.5,trend,200,28,42,100.0,30,10,52,98.0,0,15.5,n/a
mfc_gain_drift,0.05,4.5,lotline,200,23,30,100.0,37,17,54,98.5,0,22.5,96.0
mfc_gain_drift,0.05,5,hold,200,61,72,100.0,0,0,18,45.0,0,0.0,n/a
mfc_gain_drift,0.05,5,trend,200,30,46,100.0,33,11,56,97.0,0,17.0,n/a
mfc_gain_drift,0.05,5,lotline,200,23,30,100.0,44,21,61,98.5,0,23.5,96.0
mfc_gain_drift,0.05,5.5,hold,200,65.5,79,100.0,0,0,16,35.5,0,0.0,n/a
mfc_gain_drift,0.05,5.5,trend,200,32,49,100.0,36.5,11,61,95.5,0,18.5,n/a
mfc_gain_drift,0.05,5.5,lotline,200,23,30,100.0,48,24,67,99.0,0,24.5,96.0
mfc_gain_drift,0.05,6,hold,200,72,87,100.0,0,0,13,26.0,0,0.0,n/a
mfc_gain_drift,0.05,6,trend,200,33,51,100.0,37,14,69,96.0,0,19.5,n/a
mfc_gain_drift,0.05,6,lotline,200,23,30,100.0,52,25,75,99.0,0,24.5,96.0
mfc_gain_drift,0.05,6.5,hold,200,78.5,97,100.0,0,0,7,18.0,0,0.0,n/a
mfc_gain_drift,0.05,6.5,trend,200,36,57,100.0,40,13,70,96.5,0,20.5,n/a
mfc_gain_drift,0.05,6.5,lotline,200,23,30,100.0,57,29,80,99.0,0,26.0,96.0
mfc_gain_drift,0.05,7,hold,200,81.5,102,100.0,0,0,2,12.0,0,0.0,n/a
mfc_gain_drift,0.05,7,trend,200,38,60,100.0,42,11,76,96.0,0,21.0,n/a
mfc_gain_drift,0.05,7,lotline,200,23,30,100.0,59.5,32,81,99.0,0,27.5,96.0
mfc_gain_drift,0.05,7.5,hold,200,85.5,108,100.0,0,0,0,8.0,0,0.0,n/a
mfc_gain_drift,0.05,7.5,trend,200,40,61,100.0,44,8,78,93.0,0,21.5,n/a
mfc_gain_drift,0.05,7.5,lotline,200,23,30,100.0,63,32,87,99.0,0,28.0,96.0
mfc_gain_drift,0.05,8,hold,200,89,113,100.0,0,0,0,4.5,0,0.0,n/a
mfc_gain_drift,0.05,8,trend,200,41,65,100.0,47.5,7,80,93.0,0,22.5,n/a
mfc_gain_drift,0.05,8,lotline,200,23,30,100.0,67.5,33,92,99.0,0,29.0,96.0
mfc_gain_drift,0.1,2,hold,200,7,14,100.0,9,1,16,91.0,0,63.5,n/a
mfc_gain_drift,0.1,2,trend,200,10.5,14,100.0,6,0,12,89.5,0,4.0,n/a
mfc_gain_drift,0.1,2,lotline,200,14,18,100.0,3,-5,10,65.5,0,5.5,96.5
mfc_gain_drift,0.1,2.5,hold,200,13,19,100.0,8,0,17,85.5,0,31.0,n/a
mfc_gain_drift,0.1,2.5,trend,200,12,16,100.0,8,2,15,93.0,0,4.0,n/a
mfc_gain_drift,0.1,2.5,lotline,200,14,18,100.0,6,-3,14,84.0,0,7.0,96.5
mfc_gain_drift,0.1,3,hold,200,17,22,100.0,6,0,16,73.5,0,6.0,n/a
mfc_gain_drift,0.1,3,trend,200,14,19,100.0,9,2,18,94.5,0,6.5,n/a
mfc_gain_drift,0.1,3,lotline,200,14,18,100.0,9,-1,18,89.0,0,8.5,96.5
mfc_gain_drift,0.1,3.5,hold,200,21,26,100.0,4,0,15,69.5,0,1.0,n/a
mfc_gain_drift,0.1,3.5,trend,200,15.5,20,100.0,11,2,20,95.0,0,7.0,n/a
mfc_gain_drift,0.1,3.5,lotline,200,14,18,100.0,12,3,21,94.5,0,9.5,96.5
mfc_gain_drift,0.1,4,hold,200,25,31,100.0,2.5,0,13,63.0,0,0.0,n/a
mfc_gain_drift,0.1,4,trend,200,17,22,100.0,12,2,23,93.5,0,8.0,n/a
mfc_gain_drift,0.1,4,lotline,200,14,18,100.0,16,5,25,95.5,0,10.0,96.5
mfc_gain_drift,0.1,4.5,hold,200,28,35,100.0,1,0,12,55.5,0,0.0,n/a
mfc_gain_drift,0.1,4.5,trend,200,18,25,100.0,13,2,26,95.0,0,8.5,n/a
mfc_gain_drift,0.1,4.5,lotline,200,14,18,100.0,18,7,30,97.5,0,10.5,96.5
mfc_gain_drift,0.1,5,hold,200,32,41,100.0,0,0,10,44.5,0,0.0,n/a
mfc_gain_drift,0.1,5,trend,200,20,27,100.0,15,3,29,96.0,0,9.5,n/a
mfc_gain_drift,0.1,5,lotline,200,14,18,100.0,21,9,34,98.0,0,13.5,96.5
mfc_gain_drift,0.1,5.5,hold,200,36,44,100.0,0,0,10,38.0,0,0.0,n/a
mfc_gain_drift,0.1,5.5,trend,200,21,29,100.0,17.5,2,31,93.5,0,10.5,n/a
mfc_gain_drift,0.1,5.5,lotline,200,14,18,100.0,24,9,37,98.0,0,14.5,96.5
mfc_gain_drift,0.1,6,hold,200,40,49,100.0,0,0,8,31.5,0,0.0,n/a
mfc_gain_drift,0.1,6,trend,200,22,31,100.0,19,3,34,95.5,0,11.5,n/a
mfc_gain_drift,0.1,6,lotline,200,14,18,100.0,27,11,40,98.5,0,16.5,96.5
mfc_gain_drift,0.1,6.5,hold,200,43,52,100.0,0,0,7,28.0,0,0.0,n/a
mfc_gain_drift,0.1,6.5,trend,200,23,32,100.0,21.5,6,36,95.0,0,13.5,n/a
mfc_gain_drift,0.1,6.5,lotline,200,14,18,100.0,30,14,46,99.0,0,17.0,96.5
mfc_gain_drift,0.1,7,hold,200,46,56,100.0,0,0,4,20.5,0,0.0,n/a
mfc_gain_drift,0.1,7,trend,200,24,34,100.0,22,4,38,94.0,0,13.5,n/a
mfc_gain_drift,0.1,7,lotline,200,14,18,100.0,32.5,17,47,99.0,0,17.5,96.5
mfc_gain_drift,0.1,7.5,hold,200,49,61,100.0,0,0,2,12.0,0,0.0,n/a
mfc_gain_drift,0.1,7.5,trend,200,26,36,100.0,23,8,41,96.5,0,13.5,n/a
mfc_gain_drift,0.1,7.5,lotline,200,14,18,100.0,35,19,51,99.0,0,18.0,96.5
mfc_gain_drift,0.1,8,hold,200,51.5,63,100.0,0,0,3,13.0,0,0.0,n/a
mfc_gain_drift,0.1,8,trend,200,26,37,100.0,25,7,42,96.5,0,13.5,n/a
mfc_gain_drift,0.1,8,lotline,200,14,18,100.0,38,21,53,99.0,0,19.5,96.5
mfc_gain_drift,0.2,2,hold,200,6,9,100.0,4,0,8,81.5,0,42.5,n/a
mfc_gain_drift,0.2,2,trend,200,7,9,100.0,2,0,6,82.5,0,2.5,n/a
mfc_gain_drift,0.2,2,lotline,200,9,12,100.0,0,-4,4,48.0,0,2.0,98.5
mfc_gain_drift,0.2,2.5,hold,200,8,11,100.0,3,0,8,73.5,0,20.5,n/a
mfc_gain_drift,0.2,2.5,trend,200,8,11,100.0,3,0,7,79.0,0,3.5,n/a
mfc_gain_drift,0.2,2.5,lotline,200,9,12,100.0,2,-3,6,71.0,0,2.0,98.5
mfc_gain_drift,0.2,3,hold,200,10,13,100.0,3,0,8,66.5,0,5.5,n/a
mfc_gain_drift,0.2,3,trend,200,9,12,100.0,3.5,0,9,84.0,0,4.0,n/a
mfc_gain_drift,0.2,3,lotline,200,9,12,100.0,4,-2,9,79.5,0,3.5,98.5
mfc_gain_drift,0.2,3.5,hold,200,12,16,100.0,2,0,9,61.5,0,1.0,n/a
mfc_gain_drift,0.2,3.5,trend,200,10,13,100.0,5,0,11,87.0,0,4.0,n/a
mfc_gain_drift,0.2,3.5,lotline,200,9,12,100.0,6,0,11,90.0,0,4.5,98.5
mfc_gain_drift,0.2,4,hold,200,14,18,100.0,1,0,7,54.0,0,0.0,n/a
mfc_gain_drift,0.2,4,trend,200,10.5,14,100.0,6,0,12,88.5,0,4.0,n/a
mfc_gain_drift,0.2,4,lotline,200,9,12,100.0,8,1,13,94.0,0,5.5,98.5
mfc_gain_drift,0.2,4.5,hold,200,16,20,100.0,0.5,0,7,50.0,0,0.0,n/a
mfc_gain_drift,0.2,4.5,trend,200,11,15,100.0,7,1,13,92.0,0,4.0,n/a
mfc_gain_drift,0.2,4.5,lotline,200,9,12,100.0,9,3,15,95.5,0,6.5,98.5
mfc_gain_drift,0.2,5,hold,200,18,22,100.0,0,0,8,44.0,0,0.0,n/a
mfc_gain_drift,0.2,5,trend,200,12,16,100.0,8,1,14,92.0,0,4.0,n/a
mfc_gain_drift,0.2,5,lotline,200,9,12,100.0,11,4,17,97.0,0,7.0,98.5
mfc_gain_drift,0.2,5.5,hold,200,20,25,100.0,0,0,6,33.0,0,0.0,n/a
mfc_gain_drift,0.2,5.5,trend,200,13,18,100.0,8,1,16,92.0,0,5.0,n/a
mfc_gain_drift,0.2,5.5,lotline,200,9,12,100.0,12,5,19,97.5,0,7.5,98.5
mfc_gain_drift,0.2,6,hold,200,22,27,100.0,0,0,5,32.0,0,0.0,n/a
mfc_gain_drift,0.2,6,trend,200,14,19,100.0,9,2,18,94.0,0,6.5,n/a
mfc_gain_drift,0.2,6,lotline,200,9,12,100.0,14,6,21,97.5,0,8.5,98.5
mfc_gain_drift,0.2,6.5,hold,200,24,29,100.0,0,0,4,29.5,0,0.0,n/a
mfc_gain_drift,0.2,6.5,trend,200,15,20,100.0,10,1,19,92.5,0,6.5,n/a
mfc_gain_drift,0.2,6.5,lotline,200,9,12,100.0,16,7,23,98.0,0,9.0,98.5
mfc_gain_drift,0.2,7,hold,200,26,30,100.0,0,0,4,27.5,0,0.0,n/a
mfc_gain_drift,0.2,7,trend,200,15.5,20,100.0,10.5,2,20,94.0,0,7.0,n/a
mfc_gain_drift,0.2,7,lotline,200,9,12,100.0,17,7,24,98.0,0,9.5,98.5
mfc_gain_drift,0.2,7.5,hold,200,27,33,100.0,0,0,4,24.5,0,0.0,n/a
mfc_gain_drift,0.2,7.5,trend,200,16.5,22,100.0,11,1,20,93.5,0,7.5,n/a
mfc_gain_drift,0.2,7.5,lotline,200,9,12,100.0,18.5,9,27,98.0,0,10.0,98.5
mfc_gain_drift,0.2,8,hold,200,28.5,35,100.0,0,0,4,20.5,0,0.0,n/a
mfc_gain_drift,0.2,8,trend,200,17,22,100.0,11,2,23,93.0,0,8.0,n/a
mfc_gain_drift,0.2,8,lotline,200,9,12,100.0,20,9,29,98.5,0,10.0,98.5
