r,detector,source,alarms,monitored_runs,rate_per_1000,ci95_lo_per_1000,ci95_hi_per_1000
2,lotline,any,956,200000,4.780,4.200,5.385
2,trend,any,1132,200000,5.660,4.820,6.505
2,hold,any,11610,200000,58.050,56.980,59.170
2,hold,temp,0,200000,0.000,0.000,0.000
2,hold,flow,0,200000,0.000,0.000,0.000
2,hold,pressure,11597,200000,57.985,56.915,59.115
2,hold,saturation,0,200000,0.000,0.000,0.000
2,hold,metrology,13,200000,0.065,0.030,0.105
4,lotline,any,956,200000,4.780,4.200,5.385
4,trend,any,1125,200000,5.625,4.805,6.440
4,hold,any,52,200000,0.260,0.190,0.335
4,hold,temp,0,200000,0.000,0.000,0.000
4,hold,flow,0,200000,0.000,0.000,0.000
4,hold,pressure,39,200000,0.195,0.135,0.255
4,hold,saturation,0,200000,0.000,0.000,0.000
4,hold,metrology,13,200000,0.065,0.030,0.110
8,lotline,any,956,200000,4.780,4.200,5.385
8,trend,any,1120,200000,5.600,4.780,6.420
8,hold,any,12,200000,0.060,0.025,0.105
8,hold,temp,0,200000,0.000,0.000,0.000
8,hold,flow,0,200000,0.000,0.000,0.000
8,hold,pressure,0,200000,0.000,0.000,0.000
8,hold,saturation,0,200000,0.000,0.000,0.000
8,hold,metrology,12,200000,0.060,0.025,0.105
